key,scientificName,canonicalName,rank,taxonomicStatus,kingdom,phylum,class,order,family,genus,species,numDescendants,oldSpeciesCanonicalName,oldSpeciesScientificName,oldSpeciesKey,oldSpeciesTaxonomicStatus,oldSpeciesNomenclaturalStatus,oldSpeciesAuthorship,oldSpeciesPublishedIn
2478759,"Selenidera nattereri (Gould, 1835)",Selenidera nattereri,SPECIES,ACCEPTED,Animalia,Chordata,Aves,Piciformes,Ramphastidae,Selenidera,Selenidera nattereri,0,Pteroglossus spec,"Pteroglossus spec Gould, 1836",11057470,SYNONYM,,"Gould, 1836",
5789359,"Selenidera piperivora (Linnaeus, 1758)",Selenidera piperivora,SPECIES,ACCEPTED,Animalia,Chordata,Aves,Piciformes,Ramphastidae,Selenidera,Selenidera piperivora,1,Pteroglossus culik,"Pteroglossus culik Wagler, 1827",9316108,SYNONYM,,"Wagler, 1827",
5789359,"Selenidera piperivora (Linnaeus, 1758)",Selenidera piperivora,SPECIES,ACCEPTED,Animalia,Chordata,Aves,Piciformes,Ramphastidae,Selenidera,Selenidera piperivora,1,Ramphastos piperivorus,"Ramphastos piperivorus Linnaeus, 1758",8863967,SYNONYM,,"Linnaeus, 1758",
5789359,"Selenidera piperivora (Linnaeus, 1758)",Selenidera piperivora,SPECIES,ACCEPTED,Animalia,Chordata,Aves,Piciformes,Ramphastidae,Selenidera,Selenidera piperivora,1,Selenidera culik,"Selenidera culik (Wagler, 1827)",2478757,SYNONYM,,"(Wagler, 1827) ",
2478828,"Pteroglossus aracari (Linnaeus, 1758)",Pteroglossus aracari,SPECIES,ACCEPTED,Animalia,Chordata,Aves,Piciformes,Ramphastidae,Pteroglossus,Pteroglossus aracari,4,Ramphastos aracari,"Ramphastos aracari Linnaeus, 1758",7782101,SYNONYM,,"Linnaeus, 1758",
5789361,"Pteroglossus bailloni (Vieillot, 1819)",Pteroglossus bailloni,SPECIES,ACCEPTED,Animalia,Chordata,Aves,Piciformes,Ramphastidae,Pteroglossus,Pteroglossus bailloni,1,Baillonius bailloni,"Baillonius bailloni (Vieillot, 1819)",2478844,SYNONYM,,"(Vieillot, 1819) ",
2478827,"Pteroglossus viridis (Linnaeus, 1766)",Pteroglossus viridis,SPECIES,ACCEPTED,Animalia,Chordata,Aves,Piciformes,Ramphastidae,Pteroglossus,Pteroglossus viridis,1,Ramphastos viridis,"Ramphastos viridis Linnaeus, 1766",9204130,SYNONYM,,"Linnaeus, 1766",
6101211,"Aulacorhynchus albivitta (Boissonneau, 1840)",Aulacorhynchus albivitta,SPECIES,ACCEPTED,Animalia,Chordata,Aves,Piciformes,Ramphastidae,Aulacorhynchus,Aulacorhynchus albivitta,7,Pteroglossus albivitta,"Pteroglossus albivitta Boissonneau, 1840",11300137,SYNONYM,,"Boissonneau, 1840",
5844042,"Aulacorhynchus atrogularis (J.H.C.F.Sturm & J.W.Sturm, 1841)",Aulacorhynchus atrogularis,SPECIES,ACCEPTED,Animalia,Chordata,Aves,Piciformes,Ramphastidae,Aulacorhynchus,Aulacorhynchus atrogularis,3,Pteroglossus atrogularis,"Pteroglossus atrogularis J.H.C.F.Sturm & J.W.Sturm, 1841",11354935,SYNONYM,,"J.H.C.F.Sturm & J.W.Sturm, 1841",
5229024,"Aulacorhynchus caeruleogularis Gould, 1853",Aulacorhynchus caeruleogularis,SPECIES,ACCEPTED,Animalia,Chordata,Aves,Piciformes,Ramphastidae,Aulacorhynchus,Aulacorhynchus caeruleogularis,2,Aulacorhamphus caeruleogularis,"Aulacorhamphus caeruleogularis Gould, 1853",11345024,SYNONYM,,"Gould, 1853",
5229012,"Aulacorhynchus prasinus (Gould, 1833)",Aulacorhynchus prasinus,SPECIES,ACCEPTED,Animalia,Chordata,Aves,Piciformes,Ramphastidae,Aulacorhynchus,Aulacorhynchus prasinus,9,Pteroglossus prasinus,"Pteroglossus prasinus (Gould, 1833)",8928717,HOMOTYPIC_SYNONYM,,"(Gould, 1833) ",
5229028,"Aulacorhynchus sulcatus (Swainson, 1820)",Aulacorhynchus sulcatus,SPECIES,ACCEPTED,Animalia,Chordata,Aves,Piciformes,Ramphastidae,Aulacorhynchus,Aulacorhynchus sulcatus,3,Pteroglossus sulcatus,Pteroglossus sulcatus Swainson,7603727,HOMOTYPIC_SYNONYM,,Swainson,
6101210,"Aulacorhynchus whitelianus Salvin & Godman, 1882",Aulacorhynchus whitelianus,SPECIES,ACCEPTED,Animalia,Chordata,Aves,Piciformes,Ramphastidae,Aulacorhynchus,Aulacorhynchus whitelianus,3,Aulacorhamphus whitelianus,"Aulacorhamphus whitelianus Salvin & Godman, 1882",9043380,SYNONYM,,"Salvin & Godman, 1882",
9045043,"Yungipicus canicapillus (Blyth, 1845)",Yungipicus canicapillus,SPECIES,ACCEPTED,Animalia,Chordata,Aves,Piciformes,Picidae,Yungipicus,Yungipicus canicapillus,12,Dendrocopos canicapillus,"Dendrocopos canicapillus (Blyth, 1845)",2478004,SYNONYM,,"(Blyth, 1845) ",
9045043,"Yungipicus canicapillus (Blyth, 1845)",Yungipicus canicapillus,SPECIES,ACCEPTED,Animalia,Chordata,Aves,Piciformes,Picidae,Yungipicus,Yungipicus canicapillus,12,Picoides canicapillus,"Picoides canicapillus (Blyth, 1845)",9140988,HOMOTYPIC_SYNONYM,,"(Blyth, 1845) ",
9045043,"Yungipicus canicapillus (Blyth, 1845)",Yungipicus canicapillus,SPECIES,ACCEPTED,Animalia,Chordata,Aves,Piciformes,Picidae,Yungipicus,Yungipicus canicapillus,12,Picus canicapillus,"Picus canicapillus Blyth, 1845",11313816,HOMOTYPIC_SYNONYM,,"Blyth, 1845",
9178169,"Yungipicus kizuki (Temminck, 1836)",Yungipicus kizuki,SPECIES,ACCEPTED,Animalia,Chordata,Aves,Piciformes,Picidae,Yungipicus,Yungipicus kizuki,11,Dendrocopos kizuki,"Dendrocopos kizuki (Temminck, 1836)",2477900,SYNONYM,,"(Temminck, 1836) ",
9178169,"Yungipicus kizuki (Temminck, 1836)",Yungipicus kizuki,SPECIES,ACCEPTED,Animalia,Chordata,Aves,Piciformes,Picidae,Yungipicus,Yungipicus kizuki,11,Picoides kizuki,"Picoides kizuki (Temminck, 1836)",8914494,HOMOTYPIC_SYNONYM,,"(Temminck, 1836) ",
8854301,"Yungipicus maculatus (Scopoli, 1786)",Yungipicus maculatus,SPECIES,ACCEPTED,Animalia,Chordata,Aves,Piciformes,Picidae,Yungipicus,Yungipicus maculatus,4,Dendrocopos maculatus,"Dendrocopos maculatus (Scopoli, 1786)",2477996,SYNONYM,,"(Scopoli, 1786) ",
8854301,"Yungipicus maculatus (Scopoli, 1786)",Yungipicus maculatus,SPECIES,ACCEPTED,Animalia,Chordata,Aves,Piciformes,Picidae,Yungipicus,Yungipicus maculatus,4,Picoides maculatus,"Picoides maculatus (Scopoli, 1786)",9175722,SYNONYM,,"(Scopoli, 1786) ",
9104123,"Yungipicus moluccensis (J.F.Gmelin, 1788)",Yungipicus moluccensis,SPECIES,ACCEPTED,Animalia,Chordata,Aves,Piciformes,Picidae,Yungipicus,Yungipicus moluccensis,2,Dendrocopos moluccensis,"Dendrocopos moluccensis (J.F.Gmelin, 1788)",2477942,SYNONYM,,"(J.F.Gmelin, 1788) ",
9104123,"Yungipicus moluccensis (J.F.Gmelin, 1788)",Yungipicus moluccensis,SPECIES,ACCEPTED,Animalia,Chordata,Aves,Piciformes,Picidae,Yungipicus,Yungipicus moluccensis,2,Picoides moluccensis,"Picoides moluccensis (Gmelin, 1788)",8718214,SYNONYM,,"(Gmelin, 1788) ",
8951546,"Yungipicus ramsayi Hargitt, 1881",Yungipicus ramsayi,SPECIES,ACCEPTED,Animalia,Chordata,Aves,Piciformes,Picidae,Yungipicus,Yungipicus ramsayi,0,Picoides ramsayi,"Picoides ramsayi (Hargitt, 1881)",5789374,HOMOTYPIC_SYNONYM,,"(Hargitt, 1881) ",
8875463,"Yungipicus temminckii (Malherbe, 1849)",Yungipicus temminckii,SPECIES,ACCEPTED,Animalia,Chordata,Aves,Piciformes,Picidae,Yungipicus,Yungipicus temminckii,0,Dendrocopos temminckii,"Dendrocopos temminckii (Malherbe, 1849)",2477941,SYNONYM,,"(Malherbe, 1849) ",
8875463,"Yungipicus temminckii (Malherbe, 1849)",Yungipicus temminckii,SPECIES,ACCEPTED,Animalia,Chordata,Aves,Piciformes,Picidae,Yungipicus,Yungipicus temminckii,0,Picoides temminckii,"Picoides temminckii (Malherbe, 1849)",11090687,HOMOTYPIC_SYNONYM,,"(Malherbe, 1849) ",
2478165,"Xiphidiopicus percussus (Temminck, 1826)",Xiphidiopicus percussus,SPECIES,ACCEPTED,Animalia,Chordata,Aves,Piciformes,Picidae,Xiphidiopicus,Xiphidiopicus percussus,2,Picus percussus,"Picus percussus (Temminck, 1826)",11237708,HOMOTYPIC_SYNONYM,,"(Temminck, 1826) ",
2478373,"Veniliornis affinis (Swainson, 1821)",Veniliornis affinis,SPECIES,ACCEPTED,Animalia,Chordata,Aves,Piciformes,Picidae,Veniliornis,Veniliornis affinis,5,Dryobates affinis,"Dryobates affinis (Swainson, 1821)",10705931,SYNONYM,,"(Swainson, 1821) ",
2478373,"Veniliornis affinis (Swainson, 1821)",Veniliornis affinis,SPECIES,ACCEPTED,Animalia,Chordata,Aves,Piciformes,Picidae,Veniliornis,Veniliornis affinis,5,Picus affinis,"Picus affinis Swainson, 1821",11026460,SYNONYM,,"Swainson, 1821",
2478357,"Veniliornis callonotus (Waterhouse, 1841)",Veniliornis callonotus,SPECIES,ACCEPTED,Animalia,Chordata,Aves,Piciformes,Picidae,Veniliornis,Veniliornis callonotus,3,Dryobates callonotus,"Dryobates callonotus (Waterhouse, 1841)",10680427,SYNONYM,,"(Waterhouse, 1841) ",
2478357,"Veniliornis callonotus (Waterhouse, 1841)",Veniliornis callonotus,SPECIES,ACCEPTED,Animalia,Chordata,Aves,Piciformes,Picidae,Veniliornis,Veniliornis callonotus,3,Picus callonotus,"Picus callonotus Waterhouse, 1841",9080727,SYNONYM,,"Waterhouse, 1841",
2478356,"Veniliornis cassini (Malherbe, 1862)",Veniliornis cassini,SPECIES,ACCEPTED,Animalia,Chordata,Aves,Piciformes,Picidae,Veniliornis,Veniliornis cassini,1,Dryobates cassini,"Dryobates cassini (Malherbe, 1862)",10685208,SYNONYM,,"(Malherbe, 1862) ",
2478356,"Veniliornis cassini (Malherbe, 1862)",Veniliornis cassini,SPECIES,ACCEPTED,Animalia,Chordata,Aves,Piciformes,Picidae,Veniliornis,Veniliornis cassini,1,Mesopicus cassini,"Mesopicus cassini Malherbe, 1862",10923719,SYNONYM,,"Malherbe, 1862",
2478339,"Veniliornis chocoensis Todd, 1919",Veniliornis chocoensis,SPECIES,ACCEPTED,Animalia,Chordata,Aves,Piciformes,Picidae,Veniliornis,Veniliornis chocoensis,1,Dryobates chocoensis,"Dryobates chocoensis (Todd, 1919)",10701057,SYNONYM,,"(Todd, 1919) ",
2478378,"Veniliornis dignus (P.L.Sclater & Salvin, 1877)",Veniliornis dignus,SPECIES,ACCEPTED,Animalia,Chordata,Aves,Piciformes,Picidae,Veniliornis,Veniliornis dignus,4,Chloronerpes dignus,"Chloronerpes dignus P.L.Sclater & Salvin, 1877",9171615,SYNONYM,,"P.L.Sclater & Salvin, 1877",
2478378,"Veniliornis dignus (P.L.Sclater & Salvin, 1877)",Veniliornis dignus,SPECIES,ACCEPTED,Animalia,Chordata,Aves,Piciformes,Picidae,Veniliornis,Veniliornis dignus,4,Dryobates dignus,"Dryobates dignus (P.L.Sclater & Salvin, 1877)",10835052,SYNONYM,,"(P.L.Sclater & Salvin, 1877) ",
2478366,"Veniliornis frontalis (Cabanis, 1883)",Veniliornis frontalis,SPECIES,ACCEPTED,Animalia,Chordata,Aves,Piciformes,Picidae,Veniliornis,Veniliornis frontalis,0,Cloronerpes frontalis,"Cloronerpes frontalis Cabanis, 1883",11365689,SYNONYM,,"Cabanis, 1883",
2478366,"Veniliornis frontalis (Cabanis, 1883)",Veniliornis frontalis,SPECIES,ACCEPTED,Animalia,Chordata,Aves,Piciformes,Picidae,Veniliornis,Veniliornis frontalis,0,Dryobates frontalis,"Dryobates frontalis (Cabanis, 1883)",10855920,SYNONYM,,"(Cabanis, 1883) ",
2478367,"Veniliornis kirkii (Malherbe, 1845)",Veniliornis kirkii,SPECIES,ACCEPTED,Animalia,Chordata,Aves,Piciformes,Picidae,Veniliornis,Veniliornis kirkii,6,Dryobates kirkii,"Dryobates kirkii (Malherbe, 1845)",10860672,SYNONYM,,"(Malherbe, 1845) ",
2478367,"Veniliornis kirkii (Malherbe, 1845)",Veniliornis kirkii,SPECIES,ACCEPTED,Animalia,Chordata,Aves,Piciformes,Picidae,Veniliornis,Veniliornis kirkii,6,Picus kirkii,"Picus kirkii Malherbe, 1845",11278120,SYNONYM,,"Malherbe, 1845",
5789380,"Veniliornis lignarius (Molina, 1782)",Veniliornis lignarius,SPECIES,ACCEPTED,Animalia,Chordata,Aves,Piciformes,Picidae,Veniliornis,Veniliornis lignarius,1,Dryobates lignarius,"Dryobates lignarius (Molina, 1782)",10726524,SYNONYM,,"(Molina, 1782) ",
5789380,"Veniliornis lignarius (Molina, 1782)",Veniliornis lignarius,SPECIES,ACCEPTED,Animalia,Chordata,Aves,Piciformes,Picidae,Veniliornis,Veniliornis lignarius,1,Picoides lignarius,"Picoides lignarius (Molina, 1782)",2477835,SYNONYM,,"(Molina, 1782) ",
5789380,"Veniliornis lignarius (Molina, 1782)",Veniliornis lignarius,SPECIES,ACCEPTED,Animalia,Chordata,Aves,Piciformes,Picidae,Veniliornis,Veniliornis lignarius,1,Picus lignarius,"Picus lignarius Molina, 1782",11223018,SYNONYM,,"Molina, 1782",
2478340,"Veniliornis maculifrons (von Spix, 1824)",Veniliornis maculifrons,SPECIES,ACCEPTED,Animalia,Chordata,Aves,Piciformes,Picidae,Veniliornis,Veniliornis maculifrons,0,Dryobates maculifrons,"Dryobates maculifrons (von Spix, 1824)",10747416,SYNONYM,,"(von Spix, 1824) ",
2478340,"Veniliornis maculifrons (von Spix, 1824)",Veniliornis maculifrons,SPECIES,ACCEPTED,Animalia,Chordata,Aves,Piciformes,Picidae,Veniliornis,Veniliornis maculifrons,0,Picus maculifrons,"Picus maculifrons von Spix, 1824",9149837,SYNONYM,,"von Spix, 1824",
7340156,"Veniliornis mixtus (Boddaert, 1783)",Veniliornis mixtus,SPECIES,ACCEPTED,Animalia,Chordata,Aves,Piciformes,Picidae,Veniliornis,Veniliornis mixtus,5,Dryobates mixtus,"Dryobates mixtus (Boddaert, 1783)",10897328,SYNONYM,,"(Boddaert, 1783) ",
7340156,"Veniliornis mixtus (Boddaert, 1783)",Veniliornis mixtus,SPECIES,ACCEPTED,Animalia,Chordata,Aves,Piciformes,Picidae,Veniliornis,Veniliornis mixtus,5,Picoides mixtus,"Picoides mixtus (Boddaert, 1783)",2477769,SYNONYM,,"(Boddaert, 1783) ",
7340156,"Veniliornis mixtus (Boddaert, 1783)",Veniliornis mixtus,SPECIES,ACCEPTED,Animalia,Chordata,Aves,Piciformes,Picidae,Veniliornis,Veniliornis mixtus,5,Picus mixtus,"Picus mixtus Boddaert, 1783",11232750,SYNONYM,,"Boddaert, 1783",
2478341,"Veniliornis nigriceps (d'Orbigny, 1841)",Veniliornis nigriceps,SPECIES,ACCEPTED,Animalia,Chordata,Aves,Piciformes,Picidae,Veniliornis,Veniliornis nigriceps,4,Dryobates nigriceps,"Dryobates nigriceps (d'Orbigny, 1841)",10768037,SYNONYM,,"(d'Orbigny, 1841) ",
2478341,"Veniliornis nigriceps (d'Orbigny, 1841)",Veniliornis nigriceps,SPECIES,ACCEPTED,Animalia,Chordata,Aves,Piciformes,Picidae,Veniliornis,Veniliornis nigriceps,4,Picus nigriceps,"Picus nigriceps d'Orbigny, 1841",11284034,SYNONYM,,"d'Orbigny, 1841",
2478345,"Veniliornis passerinus (Linnaeus, 1766)",Veniliornis passerinus,SPECIES,ACCEPTED,Animalia,Chordata,Aves,Piciformes,Picidae,Veniliornis,Veniliornis passerinus,10,Dryobates passerinus,"Dryobates passerinus (Linnaeus, 1766)",10721806,SYNONYM,,"(Linnaeus, 1766) ",
2478345,"Veniliornis passerinus (Linnaeus, 1766)",Veniliornis passerinus,SPECIES,ACCEPTED,Animalia,Chordata,Aves,Piciformes,Picidae,Veniliornis,Veniliornis passerinus,10,Picus passerinus,"Picus passerinus (Linnaeus, 1766)",8836054,SYNONYM,,"(Linnaeus, 1766) ",
2478355,"Veniliornis sanguineus (A.A.H.Lichtenstein, 1793)",Veniliornis sanguineus,SPECIES,ACCEPTED,Animalia,Chordata,Aves,Piciformes,Picidae,Veniliornis,Veniliornis sanguineus,0,Picus sanguineus,"Picus sanguineus Lichtenstein, 1783",11084791,SYNONYM,,"Lichtenstein, 1783",
2478382,"Veniliornis spilogaster (Wagler, 1827)",Veniliornis spilogaster,SPECIES,ACCEPTED,Animalia,Chordata,Aves,Piciformes,Picidae,Veniliornis,Veniliornis spilogaster,1,Dryobates spilogaster,"Dryobates spilogaster (Wagler, 1827)",10788924,SYNONYM,,"(Wagler, 1827) ",
2478382,"Veniliornis spilogaster (Wagler, 1827)",Veniliornis spilogaster,SPECIES,ACCEPTED,Animalia,Chordata,Aves,Piciformes,Picidae,Veniliornis,Veniliornis spilogaster,1,Picus spilogaster,"Picus spilogaster Wagler, 1827",11294416,SYNONYM,,"Wagler, 1827",
2478597,"Sphyrapicus ruber (J.F.Gmelin, 1788)",Sphyrapicus ruber,SPECIES,ACCEPTED,Animalia,Chordata,Aves,Piciformes,Picidae,Sphyrapicus,Sphyrapicus ruber,2,Picus ruber,"Picus ruber (Gmelin, 1788)",11262943,HOMOTYPIC_SYNONYM,,"(Gmelin, 1788) ",
2478605,"Sphyrapicus varius (Linnaeus, 1766)",Sphyrapicus varius,SPECIES,ACCEPTED,Animalia,Chordata,Aves,Piciformes,Picidae,Sphyrapicus,Sphyrapicus varius,1,Picus varius,"Picus varius Linnaeus, 1766",4408650,HOMOTYPIC_SYNONYM,,"Linnaeus, 1766","Linnaeus, C. (1767). Systema naturae per regna tria naturae: secundum classes, ordines, genera, species, cum characteribus, differentiis, synonymis, locis. Ed. 12. 1., Regnum Animale. 1 & 2. <em>Holmiae [Stockholm], Laurentii Salvii.</em> pp. 1-532 [1766] pp. 533-1327 [1767]."
2478210,"Sasia africana J.Verreaux & E.Verreaux, 1855",Sasia africana,SPECIES,ACCEPTED,Animalia,Chordata,Aves,Piciformes,Picidae,Sasia,Sasia africana,0,Verreauxia africana,"Verreauxia africana (J.Verreaux & É.Verreaux, 1855)",11020607,HOMOTYPIC_SYNONYM,,"(J.Verreaux & É.Verreaux, 1855) ",
2478588,"Reinwardtipicus validus (Temminck, 1825)",Reinwardtipicus validus,SPECIES,ACCEPTED,Animalia,Chordata,Aves,Piciformes,Picidae,Reinwardtipicus,Reinwardtipicus validus,3,Chrysocolaptes validus,"Chrysocolaptes validus (Temminck, 1825)",8767545,HOMOTYPIC_SYNONYM,,"(Temminck, 1825) ",
4966654,"Primobucco kistneri (Feduccia, 1973)",Primobucco kistneri,SPECIES,ACCEPTED,Animalia,Chordata,Aves,Piciformes,Picidae,Primobucco,Primobucco kistneri,0,Neanis kistneri,"Neanis kistneri (Feduccia, 1973)",8745014,SYNONYM,,"(Feduccia, 1973) ",
2478548,"Picus canus J.F.Gmelin, 1788",Picus canus,SPECIES,ACCEPTED,Animalia,Chordata,Aves,Piciformes,Picidae,Picus,Picus canus,13,Pincus canus,Pincus canus,11269253,SYNONYM,,,
9029556,"Picus sharpei (H.Saunders, 1872)",Picus sharpei,SPECIES,ACCEPTED,Animalia,Chordata,Aves,Piciformes,Picidae,Picus,Picus sharpei,0,Gecinus sharpei,"Gecinus sharpei Saunders, 1872",8916732,SYNONYM,,"Saunders, 1872",
5228748,"Picumnus dorbignyanus Lafresnaye, 1845",Picumnus dorbignyanus,SPECIES,ACCEPTED,Animalia,Chordata,Aves,Piciformes,Picidae,Picumnus,Picumnus dorbignyanus,2,Picumnus dorbygnianus,"Picumnus dorbygnianus BirdLife International, 2004",10986184,SYNONYM,,"BirdLife International, 2004",
5228748,"Picumnus dorbignyanus Lafresnaye, 1845",Picumnus dorbignyanus,SPECIES,ACCEPTED,Animalia,Chordata,Aves,Piciformes,Picidae,Picumnus,Picumnus dorbignyanus,2,Picumnus dorbygnianus,"Picumnus dorbygnianus Sibley & Monroe, 1990",7340158,SYNONYM,,"Sibley & Monroe, 1990",
5228748,"Picumnus dorbignyanus Lafresnaye, 1845",Picumnus dorbignyanus,SPECIES,ACCEPTED,Animalia,Chordata,Aves,Piciformes,Picidae,Picumnus,Picumnus dorbignyanus,2,Picumnus dorbygnianus,"Picumnus dorbygnianus Stotz et al., 1996",11091026,SYNONYM,,"Stotz et al., 1996",
5228733,"Picumnus exilis (M.H.K.Lichtenstein, 1823)",Picumnus exilis,SPECIES,ACCEPTED,Animalia,Chordata,Aves,Piciformes,Picidae,Picumnus,Picumnus exilis,7,Picus exilis,"Picus exilis Lichtenstein, 1823",8822143,SYNONYM,,"Lichtenstein, 1823",
5228782,"Picumnus limae E.Snethlage, 1924",Picumnus limae,SPECIES,ACCEPTED,Animalia,Chordata,Aves,Piciformes,Picidae,Picumnus,Picumnus limae,2,Picumnus fulvescens,"Picumnus fulvescens Stager, 1961",5228718,SYNONYM,,"Stager, 1961",
5228747,"Picumnus minutissimus (Pallas, 1782)",Picumnus minutissimus,SPECIES,ACCEPTED,Animalia,Chordata,Aves,Piciformes,Picidae,Picumnus,Picumnus minutissimus,0,Picus minutissimus,"Picus minutissimus Pallas, 1782",11093100,SYNONYM,,"Pallas, 1782",
5228880,"Piculus aurulentus (Temminck, 1821)",Piculus aurulentus,SPECIES,ACCEPTED,Animalia,Chordata,Aves,Piciformes,Picidae,Piculus,Piculus aurulentus,0,Picus aurulentus,"Picus aurulentus Temminck, 1821",9187160,HOMOTYPIC_SYNONYM,,"Temminck, 1821","Temminck, Coenraad J. 1821. Nouveau recueil de planches coloriées d'oiseaux. par Temminck et Laugier. G. Levrault, Paris.: livr.10: pls.55-60."
5228906,"Piculus chrysochloros (Vieillot, 1818)",Piculus chrysochloros,SPECIES,ACCEPTED,Animalia,Chordata,Aves,Piciformes,Picidae,Piculus,Piculus chrysochloros,10,Picus chrysochloros,"Picus chrysochloros Vieillot, 1818",10037796,SYNONYM,,"Vieillot, 1818",
5228869,"Piculus flavigula (Boddaert, 1783)",Piculus flavigula,SPECIES,ACCEPTED,Animalia,Chordata,Aves,Piciformes,Picidae,Piculus,Piculus flavigula,6,Picus flavigula,"Picus flavigula Boddaert, 1783",11059047,SYNONYM,,"Boddaert, 1783",
2477774,"Picoides arcticus (Swainson, 1832)",Picoides arcticus,SPECIES,ACCEPTED,Animalia,Chordata,Aves,Piciformes,Picidae,Picoides,Picoides arcticus,1,Picus arcticus,"Picus arcticus Swainson, 1832",11067196,SYNONYM,,"Swainson, 1832",
2477804,"Picoides tridactylus (Linnaeus, 1758)",Picoides tridactylus,SPECIES,ACCEPTED,Animalia,Chordata,Aves,Piciformes,Picidae,Picoides,Picoides tridactylus,9,Picus tridactylus,"Picus tridactylus Linnaeus, 1758",4408651,HOMOTYPIC_SYNONYM,,"Linnaeus, 1758",
10975405,"Pardipicus caroli (Malherbe, 1852)",Pardipicus caroli,SPECIES,ACCEPTED,Animalia,Chordata,Aves,Piciformes,Picidae,Pardipicus,Pardipicus caroli,3,Campethera caroli,"Campethera caroli (Malherbe, 1852)",2478186,SYNONYM,,"(Malherbe, 1852) ",
11007905,"Pardipicus nivosus (Swainson, 1837)",Pardipicus nivosus,SPECIES,ACCEPTED,Animalia,Chordata,Aves,Piciformes,Picidae,Pardipicus,Pardipicus nivosus,4,Campethera nivosa,"Campethera nivosa (Swainson, 1837)",2478198,SYNONYM,,"(Swainson, 1837) ",
2477839,"Nesoctites micromegas (Sundevall, 1866)",Nesoctites micromegas,SPECIES,ACCEPTED,Animalia,Chordata,Aves,Piciformes,Picidae,Nesoctites,Nesoctites micromegas,2,Picumnus micromegas,"Picumnus micromegas (Sundevall, 1866)",11315729,HOMOTYPIC_SYNONYM,,"(Sundevall, 1866) ",
5844053,"Micropternus brachyurus (Vieillot, 1818)",Micropternus brachyurus,SPECIES,ACCEPTED,Animalia,Chordata,Aves,Piciformes,Picidae,Micropternus,Micropternus brachyurus,12,Celeus brachyurus,"Celeus brachyurus (Vieillot, 1818)",5228923,SYNONYM,,"(Vieillot, 1818) ",
2478081,"Melanerpes aurifrons (Wagler, 1829)",Melanerpes aurifrons,SPECIES,ACCEPTED,Animalia,Chordata,Aves,Piciformes,Picidae,Melanerpes,Melanerpes aurifrons,2,Centurus aurifrons,"Centurus aurifrons (Wagler, 1829)",5228855,SYNONYM,,"(Wagler, 1829) ",
2478144,"Melanerpes candidus (Otto, 1796)",Melanerpes candidus,SPECIES,ACCEPTED,Animalia,Chordata,Aves,Piciformes,Picidae,Melanerpes,Melanerpes candidus,1,Picus candidus,"Picus candidus Otto, 1796",11043388,SYNONYM,,"Otto, 1796",
2478106,"Melanerpes carolinus (Linnaeus, 1758)",Melanerpes carolinus,SPECIES,ACCEPTED,Animalia,Chordata,Aves,Piciformes,Picidae,Melanerpes,Melanerpes carolinus,1,Centurus carolinus,"Centurus carolinus (Linnaeus, 1758)",5228862,SYNONYM,,"(Linnaeus, 1758) ",
2478106,"Melanerpes carolinus (Linnaeus, 1758)",Melanerpes carolinus,SPECIES,ACCEPTED,Animalia,Chordata,Aves,Piciformes,Picidae,Melanerpes,Melanerpes carolinus,1,Picus carolinus,"Picus carolinus Linnaeus, 1758",8906840,HOMOTYPIC_SYNONYM,,"Linnaeus, 1758","Linnæus, Carolus. 1758. Systema naturae per regna tria naturae, secundum classes, ordines, genera, species, cum characteribus, differentiis, synonymis, locis. Laurentii Salvii, Holmiae. Vol. Tomus I, Editio decima, reformata: i-ii, 1-824."
2478130,"Melanerpes erythrocephalus (Linnaeus, 1758)",Melanerpes erythrocephalus,SPECIES,ACCEPTED,Animalia,Chordata,Aves,Piciformes,Picidae,Melanerpes,Melanerpes erythrocephalus,1,Picus erythrocephalus,"Picus erythrocephalus Linnaeus, 1758",8898581,SYNONYM,,"Linnaeus, 1758","Linnaeus, C. (1758). Systema Naturae per regna tria naturae, secundum classes, ordines, genera, species, cum characteribus, differentiis, synonymis, locis. <em>Editio decima, reformata [10th revised edition], vol. 1: 824 pp. Laurentius Salvius: Holmiae.</em>"
2478133,"Melanerpes formicivorus (Swainson, 1827)",Melanerpes formicivorus,SPECIES,ACCEPTED,Animalia,Chordata,Aves,Piciformes,Picidae,Melanerpes,Melanerpes formicivorus,8,Picus formicivorus,"Picus formicivorus (Swainson, 1827)",11289556,HOMOTYPIC_SYNONYM,,"(Swainson, 1827) ",
2478097,"Melanerpes herminieri (R.Lesson, 1830)",Melanerpes herminieri,SPECIES,ACCEPTED,Animalia,Chordata,Aves,Piciformes,Picidae,Melanerpes,Melanerpes herminieri,0,Picus herminieri,"Picus herminieri Lesson, 1830",10944804,SYNONYM,,"Lesson, 1830",
2478142,"Melanerpes lewis (G.R.Gray, 1849)",Melanerpes lewis,SPECIES,ACCEPTED,Animalia,Chordata,Aves,Piciformes,Picidae,Melanerpes,Melanerpes lewis,1,Asyndesmus lewis,"Asyndesmus lewis (G.R.Gray, 1849)",2478143,SYNONYM,,"(G.R.Gray, 1849) ",
2478142,"Melanerpes lewis (G.R.Gray, 1849)",Melanerpes lewis,SPECIES,ACCEPTED,Animalia,Chordata,Aves,Piciformes,Picidae,Melanerpes,Melanerpes lewis,1,Asyndesmus lewisi,"Asyndesmus lewisi (Gray, 1849)",9685515,SYNONYM,,"(Gray, 1849) ",
2478142,"Melanerpes lewis (G.R.Gray, 1849)",Melanerpes lewis,SPECIES,ACCEPTED,Animalia,Chordata,Aves,Piciformes,Picidae,Melanerpes,Melanerpes lewis,1,Picus lewis,"Picus lewis (Gray, 1849)",9735092,SYNONYM,,"(Gray, 1849) ",
2478123,"Melanerpes striatus (P.L.S.Müller, 1776)",Melanerpes striatus,SPECIES,ACCEPTED,Animalia,Chordata,Aves,Piciformes,Picidae,Melanerpes,Melanerpes striatus,0,Picus striatus,"Picus striatus (Statius Muller, 1776)",11332591,HOMOTYPIC_SYNONYM,,"(Statius Muller, 1776) ",
2478075,"Melanerpes superciliaris (Temminck, 1827)",Melanerpes superciliaris,SPECIES,ACCEPTED,Animalia,Chordata,Aves,Piciformes,Picidae,Melanerpes,Melanerpes superciliaris,5,Bathoceleus hyphalus,"Bathoceleus hyphalus Brodkorb, 1959",8649409,SYNONYM,,"Brodkorb, 1959",
2478075,"Melanerpes superciliaris (Temminck, 1827)",Melanerpes superciliaris,SPECIES,ACCEPTED,Animalia,Chordata,Aves,Piciformes,Picidae,Melanerpes,Melanerpes superciliaris,5,Centurus superciliaris,"Centurus superciliaris (Temminck, 1827)",11263409,SYNONYM,,"(Temminck, 1827) ",
2478075,"Melanerpes superciliaris (Temminck, 1827)",Melanerpes superciliaris,SPECIES,ACCEPTED,Animalia,Chordata,Aves,Piciformes,Picidae,Melanerpes,Melanerpes superciliaris,5,Picus superciliaris,"Picus superciliaris (Temminck, 1827)",9767895,HOMOTYPIC_SYNONYM,,"(Temminck, 1827) ",
2478112,"Melanerpes uropygialis (S.F.Baird, 1854)",Melanerpes uropygialis,SPECIES,ACCEPTED,Animalia,Chordata,Aves,Piciformes,Picidae,Melanerpes,Melanerpes uropygialis,4,Centurus uropygialis,"Centurus uropygialis S.F.Baird, 1854",5228867,SYNONYM,,"S.F.Baird, 1854",
9128444,"Leuconotopicus albolarvatus (Cassin, 1850)",Leuconotopicus albolarvatus,SPECIES,ACCEPTED,Animalia,Chordata,Aves,Piciformes,Picidae,Leuconotopicus,Leuconotopicus albolarvatus,3,Dendrocopos albolarvatus,"Dendrocopos albolarvatus (Cassin, 1850)",2477776,SYNONYM,,"(Cassin, 1850) ",
9128444,"Leuconotopicus albolarvatus (Cassin, 1850)",Leuconotopicus albolarvatus,SPECIES,ACCEPTED,Animalia,Chordata,Aves,Piciformes,Picidae,Leuconotopicus,Leuconotopicus albolarvatus,3,Dryobates albolarvatus,"Dryobates albolarvatus (Cassin, 1850)",10876512,SYNONYM,,"(Cassin, 1850) ",
9128444,"Leuconotopicus albolarvatus (Cassin, 1850)",Leuconotopicus albolarvatus,SPECIES,ACCEPTED,Animalia,Chordata,Aves,Piciformes,Picidae,Leuconotopicus,Leuconotopicus albolarvatus,3,Leuconerpes albolarvatus,"Leuconerpes albolarvatus Cassin, 1850",11265390,SYNONYM,,"Cassin, 1850",
9128444,"Leuconotopicus albolarvatus (Cassin, 1850)",Leuconotopicus albolarvatus,SPECIES,ACCEPTED,Animalia,Chordata,Aves,Piciformes,Picidae,Leuconotopicus,Leuconotopicus albolarvatus,3,Picoides albolarvatus,"Picoides albolarvatus (Cassin, 1850)",2477775,SYNONYM,,"(Cassin, 1850) ",
8721784,"Leuconotopicus arizonae (Hargitt, 1886)",Leuconotopicus arizonae,SPECIES,ACCEPTED,Animalia,Chordata,Aves,Piciformes,Picidae,Leuconotopicus,Leuconotopicus arizonae,3,Dendrocopos arizonae,"Dendrocopos arizonae (Hargitt, 1886)",2477737,SYNONYM,,"(Hargitt, 1886) ",
8721784,"Leuconotopicus arizonae (Hargitt, 1886)",Leuconotopicus arizonae,SPECIES,ACCEPTED,Animalia,Chordata,Aves,Piciformes,Picidae,Leuconotopicus,Leuconotopicus arizonae,3,Dryobates arizonae,"Dryobates arizonae (Hargitt, 1886)",10814438,SYNONYM,,"(Hargitt, 1886) ",
8721784,"Leuconotopicus arizonae (Hargitt, 1886)",Leuconotopicus arizonae,SPECIES,ACCEPTED,Animalia,Chordata,Aves,Piciformes,Picidae,Leuconotopicus,Leuconotopicus arizonae,3,Picoides arizonae,"Picoides arizonae (Hargitt, 1886)",2477736,SYNONYM,,"(Hargitt, 1886) ",
8721784,"Leuconotopicus arizonae (Hargitt, 1886)",Leuconotopicus arizonae,SPECIES,ACCEPTED,Animalia,Chordata,Aves,Piciformes,Picidae,Leuconotopicus,Leuconotopicus arizonae,3,Picus arizonae,"Picus arizonae Hargitt, 1886",8818982,SYNONYM,,"Hargitt, 1886",
9046711,"Leuconotopicus borealis (Vieillot, 1809)",Leuconotopicus borealis,SPECIES,ACCEPTED,Animalia,Chordata,Aves,Piciformes,Picidae,Leuconotopicus,Leuconotopicus borealis,1,Dendrocopos borealis,"Dendrocopos borealis (Vieillot, 1809)",2477830,SYNONYM,,"(Vieillot, 1809) ",
9046711,"Leuconotopicus borealis (Vieillot, 1809)",Leuconotopicus borealis,SPECIES,ACCEPTED,Animalia,Chordata,Aves,Piciformes,Picidae,Leuconotopicus,Leuconotopicus borealis,1,Dryobates borealis,"Dryobates borealis (Vieillot, 1809)",10742338,SYNONYM,,"(Vieillot, 1809) ",
9046711,"Leuconotopicus borealis (Vieillot, 1809)",Leuconotopicus borealis,SPECIES,ACCEPTED,Animalia,Chordata,Aves,Piciformes,Picidae,Leuconotopicus,Leuconotopicus borealis,1,Picoides borealis,"Picoides borealis (Vieillot, 1809)",2477828,SYNONYM,,"(Vieillot, 1809) ",
9046711,"Leuconotopicus borealis (Vieillot, 1809)",Leuconotopicus borealis,SPECIES,ACCEPTED,Animalia,Chordata,Aves,Piciformes,Picidae,Leuconotopicus,Leuconotopicus borealis,1,Picus borealis,"Picus borealis (Vieillot, 1809)",9736115,SYNONYM,,"(Vieillot, 1809) ",
9000455,"Leuconotopicus fumigatus (d'Orbigny, 1840)",Leuconotopicus fumigatus,SPECIES,ACCEPTED,Animalia,Chordata,Aves,Piciformes,Picidae,Leuconotopicus,Leuconotopicus fumigatus,6,Dryobates fumigatus,"Dryobates fumigatus (d'Orbigny, 1840)",10809442,SYNONYM,,"(d'Orbigny, 1840) ",
9000455,"Leuconotopicus fumigatus (d'Orbigny, 1840)",Leuconotopicus fumigatus,SPECIES,ACCEPTED,Animalia,Chordata,Aves,Piciformes,Picidae,Leuconotopicus,Leuconotopicus fumigatus,6,Picus fumigatus,"Picus fumigatus d'Orbigny, 1840",11261629,SYNONYM,,"d'Orbigny, 1840",
9000455,"Leuconotopicus fumigatus (d'Orbigny, 1840)",Leuconotopicus fumigatus,SPECIES,ACCEPTED,Animalia,Chordata,Aves,Piciformes,Picidae,Leuconotopicus,Leuconotopicus fumigatus,6,Veniliornis fumigatus,"Veniliornis fumigatus (d'Orbigny, 1840)",2478360,SYNONYM,,"(d'Orbigny, 1840) ",
9000455,"Leuconotopicus fumigatus (d'Orbigny, 1840)",Leuconotopicus fumigatus,SPECIES,ACCEPTED,Animalia,Chordata,Aves,Piciformes,Picidae,Leuconotopicus,Leuconotopicus fumigatus,6,Venilornis fumigatus,"Venilornis fumigatus BirdLife International, 2004",5789370,SYNONYM,,"BirdLife International, 2004",
8862287,"Leuconotopicus stricklandi (Malherbe, 1845)",Leuconotopicus stricklandi,SPECIES,ACCEPTED,Animalia,Chordata,Aves,Piciformes,Picidae,Leuconotopicus,Leuconotopicus stricklandi,0,Dryobates stricklandi,"Dryobates stricklandi (Malherbe, 1845)",10830367,SYNONYM,,"(Malherbe, 1845) ",
8862287,"Leuconotopicus stricklandi (Malherbe, 1845)",Leuconotopicus stricklandi,SPECIES,ACCEPTED,Animalia,Chordata,Aves,Piciformes,Picidae,Leuconotopicus,Leuconotopicus stricklandi,0,Picoides stricklandi,"Picoides stricklandi (Malherbe, 1845)",2477834,SYNONYM,,"(Malherbe, 1845) ",
8862287,"Leuconotopicus stricklandi (Malherbe, 1845)",Leuconotopicus stricklandi,SPECIES,ACCEPTED,Animalia,Chordata,Aves,Piciformes,Picidae,Leuconotopicus,Leuconotopicus stricklandi,0,Picus stricklandi,"Picus stricklandi Malherbe, 1845",11334464,SYNONYM,,"Malherbe, 1845","Malherbe, & Alfred. (1845). Description de tois espèces nouvelles du genre Picus, Linné. Revue Zoologique, Vol. 8."
9192501,"Leuconotopicus villosus (Linnaeus, 1766)",Leuconotopicus villosus,SPECIES,ACCEPTED,Animalia,Chordata,Aves,Piciformes,Picidae,Leuconotopicus,Leuconotopicus villosus,18,Dendrocopos villosus,"Dendrocopos villosus (Linnaeus, 1766)",2477742,SYNONYM,,"(Linnaeus, 1766) ",
9192501,"Leuconotopicus villosus (Linnaeus, 1766)",Leuconotopicus villosus,SPECIES,ACCEPTED,Animalia,Chordata,Aves,Piciformes,Picidae,Leuconotopicus,Leuconotopicus villosus,18,Dryobates villosus,"Dryobates villosus (Linnaeus, 1766)",10211179,SYNONYM,,"(Linnaeus, 1766) ",
9192501,"Leuconotopicus villosus (Linnaeus, 1766)",Leuconotopicus villosus,SPECIES,ACCEPTED,Animalia,Chordata,Aves,Piciformes,Picidae,Leuconotopicus,Leuconotopicus villosus,18,Picoides villosus,"Picoides villosus (Linnaeus, 1766)",2477741,SYNONYM,,"(Linnaeus, 1766) ",
9192501,"Leuconotopicus villosus (Linnaeus, 1766)",Leuconotopicus villosus,SPECIES,ACCEPTED,Animalia,Chordata,Aves,Piciformes,Picidae,Leuconotopicus,Leuconotopicus villosus,18,Picus villosus,"Picus villosus Linnaeus, 1766",9077543,SYNONYM,,"Linnaeus, 1766",
8908559,"Leiopicus mahrattensis (Latham, 1801)",Leiopicus mahrattensis,SPECIES,ACCEPTED,Animalia,Chordata,Aves,Piciformes,Picidae,Leiopicus,Leiopicus mahrattensis,3,Dendrocopos mahrattensis,"Dendrocopos mahrattensis (Latham, 1801)",2477917,SYNONYM,,"(Latham, 1801) ",
8908559,"Leiopicus mahrattensis (Latham, 1801)",Leiopicus mahrattensis,SPECIES,ACCEPTED,Animalia,Chordata,Aves,Piciformes,Picidae,Leiopicus,Leiopicus mahrattensis,3,Picus mahrattensis,"Picus mahrattensis Latham, 1801",10526784,SYNONYM,,"Latham, 1801","Latham, John. 1801. Supplementum Indicis Ornithologici, sive Systematis Ornithologiae. G. Leigh, J. & S. Sotheby, London.: i-lxxiv."
2478593,"Hemicircus concretus (Temminck, 1821)",Hemicircus concretus,SPECIES,ACCEPTED,Animalia,Chordata,Aves,Piciformes,Picidae,Hemicircus,Hemicircus concretus,2,Picus concretus,"Picus concretus Temminck, 1821",10553005,HOMOTYPIC_SYNONYM,,"Temminck, 1821","Temminck, Coenraad J. 1821. Nouveau recueil de planches coloriées d'oiseaux. par Temminck et Laugier. G. Levrault, Paris.: livr.15: pls.85-90."
11049618,"Gecinulus rafflesii (Vigors, 1830)",Gecinulus rafflesii,SPECIES,ACCEPTED,Animalia,Chordata,Aves,Piciformes,Picidae,Gecinulus,Gecinulus rafflesii,2,Chloropicoides rafflesii,"Chloropicoides rafflesii (Vigors, 1830)",11398395,HOMOTYPIC_SYNONYM,,"(Vigors, 1830) ",
11049618,"Gecinulus rafflesii (Vigors, 1830)",Gecinulus rafflesii,SPECIES,ACCEPTED,Animalia,Chordata,Aves,Piciformes,Picidae,Gecinulus,Gecinulus rafflesii,2,Dinopium rafflesii,"Dinopium rafflesii (Vigors, 1830)",5228810,SYNONYM,,"(Vigors, 1830) ",
5228831,"Dryocopus lineatus (Linnaeus, 1766)",Dryocopus lineatus,SPECIES,ACCEPTED,Animalia,Chordata,Aves,Piciformes,Picidae,Dryocopus,Dryocopus lineatus,6,Hylatomus lineatus,"Hylatomus lineatus (Linnaeus, 1766)",10320728,HOMOTYPIC_SYNONYM,,"(Linnaeus, 1766) ",
5228831,"Dryocopus lineatus (Linnaeus, 1766)",Dryocopus lineatus,SPECIES,ACCEPTED,Animalia,Chordata,Aves,Piciformes,Picidae,Dryocopus,Dryocopus lineatus,6,Picus lineatus,"Picus lineatus Linnaeus, 1766",8737617,SYNONYM,,"Linnaeus, 1766",
2477872,"Dryocopus martius (Linnaeus, 1758)",Dryocopus martius,SPECIES,ACCEPTED,Animalia,Chordata,Aves,Piciformes,Picidae,Dryocopus,Dryocopus martius,3,Picus martius,"Picus martius Linnaeus, 1758",8980264,HOMOTYPIC_SYNONYM,,"Linnaeus, 1758",
5228824,"Dryocopus pileatus (Linnaeus, 1758)",Dryocopus pileatus,SPECIES,ACCEPTED,Animalia,Chordata,Aves,Piciformes,Picidae,Dryocopus,Dryocopus pileatus,3,Ceophloeus pileatus,"Ceophloeus pileatus (Linnaeus, 1758)",11343187,SYNONYM,,"(Linnaeus, 1758) ",
5228824,"Dryocopus pileatus (Linnaeus, 1758)",Dryocopus pileatus,SPECIES,ACCEPTED,Animalia,Chordata,Aves,Piciformes,Picidae,Dryocopus,Dryocopus pileatus,3,Hylatomus pileatus,"Hylatomus pileatus (Linnaeus, 1758)",10968415,HOMOTYPIC_SYNONYM,,"(Linnaeus, 1758) ",
5228824,"Dryocopus pileatus (Linnaeus, 1758)",Dryocopus pileatus,SPECIES,ACCEPTED,Animalia,Chordata,Aves,Piciformes,Picidae,Dryocopus,Dryocopus pileatus,3,Picus pileatus,"Picus pileatus Linnaeus, 1758",9048486,HOMOTYPIC_SYNONYM,,"Linnaeus, 1758","Linnæus, Carolus. 1758. Systema naturae per regna tria naturae, secundum classes, ordines, genera, species, cum characteribus, differentiis, synonymis, locis. Laurentii Salvii, Holmiae. Vol. Tomus I, Editio decima, reformata: i-ii, 1-824."
5228823,"Dryocopus schulzii (Cabanis, 1882)",Dryocopus schulzii,SPECIES,ACCEPTED,Animalia,Chordata,Aves,Piciformes,Picidae,Dryocopus,Dryocopus schulzii,0,Hylatomus schulzii,"Hylatomus schulzii (Cabanis, 1883)",10861162,HOMOTYPIC_SYNONYM,,"(Cabanis, 1883) ",
9090105,"Dryobates cathpharius (Blyth, 1843)",Dryobates cathpharius,SPECIES,ACCEPTED,Animalia,Chordata,Aves,Piciformes,Picidae,Dryobates,Dryobates cathpharius,6,Dendrocopos cathpharius,"Dendrocopos cathpharius (Blyth, 1843)",2477920,SYNONYM,,"(Blyth, 1843) ",
9015784,"Dryobates minor (Linnaeus, 1758)",Dryobates minor,SPECIES,ACCEPTED,Animalia,Chordata,Aves,Piciformes,Picidae,Dryobates,Dryobates minor,14,Dendrocopos minor,"Dendrocopos minor (Linnaeus, 1758)",2477950,HETEROTYPIC_SYNONYM,,"(Linnaeus, 1758) ",Syst. Nat. ed. 10 p. 114
9015784,"Dryobates minor (Linnaeus, 1758)",Dryobates minor,SPECIES,ACCEPTED,Animalia,Chordata,Aves,Piciformes,Picidae,Dryobates,Dryobates minor,14,Dryobates comminutus,Dryobates comminutus Hartert,11227718,SYNONYM,,Hartert,
9015784,"Dryobates minor (Linnaeus, 1758)",Dryobates minor,SPECIES,ACCEPTED,Animalia,Chordata,Aves,Piciformes,Picidae,Dryobates,Dryobates minor,14,Picoides minor,"Picoides minor (Linnaeus, 1758)",7725649,SYNONYM,,"(Linnaeus, 1758) ",
9015784,"Dryobates minor (Linnaeus, 1758)",Dryobates minor,SPECIES,ACCEPTED,Animalia,Chordata,Aves,Piciformes,Picidae,Dryobates,Dryobates minor,14,Picus minor,"Picus minor Linnaeus, 1758",4408645,HOMOTYPIC_SYNONYM,,"Linnaeus, 1758",
9088491,"Dryobates nuttallii (Gambel, 1843)",Dryobates nuttallii,SPECIES,ACCEPTED,Animalia,Chordata,Aves,Piciformes,Picidae,Dryobates,Dryobates nuttallii,0,Dendrocopos nuttallii,"Dendrocopos nuttallii (Gambel, 1843)",2477735,SYNONYM,,"(Gambel, 1843) ",
9088491,"Dryobates nuttallii (Gambel, 1843)",Dryobates nuttallii,SPECIES,ACCEPTED,Animalia,Chordata,Aves,Piciformes,Picidae,Dryobates,Dryobates nuttallii,0,Picoides nuttallii,"Picoides nuttallii (Gambel, 1843)",2477733,SYNONYM,,"(Gambel, 1843) ",
9149595,"Dryobates pubescens (Linnaeus, 1766)",Dryobates pubescens,SPECIES,ACCEPTED,Animalia,Chordata,Aves,Piciformes,Picidae,Dryobates,Dryobates pubescens,8,Dendrocopos pubescens,"Dendrocopos pubescens (Linnaeus, 1766)",2477787,SYNONYM,,"(Linnaeus, 1766) ",
9149595,"Dryobates pubescens (Linnaeus, 1766)",Dryobates pubescens,SPECIES,ACCEPTED,Animalia,Chordata,Aves,Piciformes,Picidae,Dryobates,Dryobates pubescens,8,Picoides pubescens,"Picoides pubescens (Linnaeus, 1766)",2477781,SYNONYM,,"(Linnaeus, 1766) ",
9149595,"Dryobates pubescens (Linnaeus, 1766)",Dryobates pubescens,SPECIES,ACCEPTED,Animalia,Chordata,Aves,Piciformes,Picidae,Dryobates,Dryobates pubescens,8,Picus pubescens,"Picus pubescens Linnaeus, 1766",8970499,SYNONYM,,"Linnaeus, 1766","Linnaeus, C. (1767). Systema naturae per regna tria naturae: secundum classes, ordines, genera, species, cum characteribus, differentiis, synonymis, locis. Ed. 12. 1., Regnum Animale. 1 & 2. <em>Holmiae [Stockholm], Laurentii Salvii.</em> pp. 1-532 [1766] pp. 533-1327 [1767]."
8959883,"Dryobates scalaris (Wagler, 1829)",Dryobates scalaris,SPECIES,ACCEPTED,Animalia,Chordata,Aves,Piciformes,Picidae,Dryobates,Dryobates scalaris,10,Dendrocopos scalaris,"Dendrocopos scalaris (Wagler, 1829)",2477827,SYNONYM,,"(Wagler, 1829) ",
8959883,"Dryobates scalaris (Wagler, 1829)",Dryobates scalaris,SPECIES,ACCEPTED,Animalia,Chordata,Aves,Piciformes,Picidae,Dryobates,Dryobates scalaris,10,Picoides scalaris,"Picoides scalaris (Wagler, 1829)",2477813,SYNONYM,,"(Wagler, 1829) ",
2478411,"Dendropicos griseocephalus (Boddaert, 1783)",Dendropicos griseocephalus,SPECIES,ACCEPTED,Animalia,Chordata,Aves,Piciformes,Picidae,Dendropicos,Dendropicos griseocephalus,5,Mesopicos griseocephalus,"Mesopicos griseocephalus (Boddaert, 1783)",5789366,SYNONYM,,"(Boddaert, 1783) ",
2478385,"Dendropicos obsoletus (Wagler, 1829)",Dendropicos obsoletus,SPECIES,ACCEPTED,Animalia,Chordata,Aves,Piciformes,Picidae,Dendropicos,Dendropicos obsoletus,4,Dendrocopos obsoletus,"Dendrocopos obsoletus (Wagler, 1829)",5789371,SYNONYM,,"(Wagler, 1829) ",
2478385,"Dendropicos obsoletus (Wagler, 1829)",Dendropicos obsoletus,SPECIES,ACCEPTED,Animalia,Chordata,Aves,Piciformes,Picidae,Dendropicos,Dendropicos obsoletus,4,Picoides obsoletus,"Picoides obsoletus (Wagler, 1829)",5789372,SYNONYM,,"(Wagler, 1829) ",
8916767,"Dendrocoptes auriceps (Vigors, 1831)",Dendrocoptes auriceps,SPECIES,ACCEPTED,Animalia,Chordata,Aves,Piciformes,Picidae,Dendrocoptes,Dendrocoptes auriceps,1,Dendrocopos auriceps,"Dendrocopos auriceps (Vigors, 1831)",2478020,SYNONYM,,"(Vigors, 1831) ",
8916767,"Dendrocoptes auriceps (Vigors, 1831)",Dendrocoptes auriceps,SPECIES,ACCEPTED,Animalia,Chordata,Aves,Piciformes,Picidae,Dendrocoptes,Dendrocoptes auriceps,1,Leiopicus auriceps,"Leiopicus auriceps (Vigors, 1831)",10997267,SYNONYM,,"(Vigors, 1831) ",
8860705,"Dendrocoptes dorae (Bates & Kinnear, 1935)",Dendrocoptes dorae,SPECIES,ACCEPTED,Animalia,Chordata,Aves,Piciformes,Picidae,Dendrocoptes,Dendrocoptes dorae,0,Dendrocopos dorae,"Dendrocopos dorae (Bates & Kinnear, 1935)",2477964,SYNONYM,,"(Bates & Kinnear, 1935) ",
8860705,"Dendrocoptes dorae (Bates & Kinnear, 1935)",Dendrocoptes dorae,SPECIES,ACCEPTED,Animalia,Chordata,Aves,Piciformes,Picidae,Dendrocoptes,Dendrocoptes dorae,0,Dendropicos dorae,"Dendropicos dorae (Bates & Kinnear, 1935)",11000338,HOMOTYPIC_SYNONYM,,"(Bates & Kinnear, 1935) ",
8773033,"Dendrocoptes medius (Linnaeus, 1758)",Dendrocoptes medius,SPECIES,ACCEPTED,Animalia,Chordata,Aves,Piciformes,Picidae,Dendrocoptes,Dendrocoptes medius,6,Dendrocopos medius,"Dendrocopos medius (Linnaeus, 1758)",2478026,HETEROTYPIC_SYNONYM,,"(Linnaeus, 1758) ",
8773033,"Dendrocoptes medius (Linnaeus, 1758)",Dendrocoptes medius,SPECIES,ACCEPTED,Animalia,Chordata,Aves,Piciformes,Picidae,Dendrocoptes,Dendrocoptes medius,6,Dendropicos medius,"Dendropicos medius (Linnaeus, 1758)",9501577,HOMOTYPIC_SYNONYM,,"(Linnaeus, 1758) ",
8773033,"Dendrocoptes medius (Linnaeus, 1758)",Dendrocoptes medius,SPECIES,ACCEPTED,Animalia,Chordata,Aves,Piciformes,Picidae,Dendrocoptes,Dendrocoptes medius,6,Leiopicus medius,"Leiopicus medius (Linnaeus, 1758)",10362259,HOMOTYPIC_SYNONYM,,"(Linnaeus, 1758) ",
8773033,"Dendrocoptes medius (Linnaeus, 1758)",Dendrocoptes medius,SPECIES,ACCEPTED,Animalia,Chordata,Aves,Piciformes,Picidae,Dendrocoptes,Dendrocoptes medius,6,Picoides medius,"Picoides medius (Linnaeus, 1758)",8367681,SYNONYM,,"(Linnaeus, 1758) ",
8773033,"Dendrocoptes medius (Linnaeus, 1758)",Dendrocoptes medius,SPECIES,ACCEPTED,Animalia,Chordata,Aves,Piciformes,Picidae,Dendrocoptes,Dendrocoptes medius,6,Picus medius,"Picus medius Linnaeus, 1758",4408647,HOMOTYPIC_SYNONYM,,"Linnaeus, 1758",
2478150,"Dendrocopos hyperythrus (Vigors, 1831)",Dendrocopos hyperythrus,SPECIES,ACCEPTED,Animalia,Chordata,Aves,Piciformes,Picidae,Dendrocopos,Dendrocopos hyperythrus,4,Hypopicus hyperythrus,"Hypopicus hyperythrus (Vigors, 1831)",2478146,SYNONYM,,"(Vigors, 1831) ",
2477927,"Dendrocopos leucotos (Bechstein, 1802)",Dendrocopos leucotos,SPECIES,ACCEPTED,Animalia,Chordata,Aves,Piciformes,Picidae,Dendrocopos,Dendrocopos leucotos,15,Picus lecotos,"Picus lecotos Bechstein, 1803",8290100,SYNONYM,,"Bechstein, 1803",
2477927,"Dendrocopos leucotos (Bechstein, 1802)",Dendrocopos leucotos,SPECIES,ACCEPTED,Animalia,Chordata,Aves,Piciformes,Picidae,Dendrocopos,Dendrocopos leucotos,15,Picus leucotos,"Picus leucotos Bechstein, 1803",4408649,HOMOTYPIC_SYNONYM,,"Bechstein, 1803",
2477968,"Dendrocopos major (Linnaeus, 1758)",Dendrocopos major,SPECIES,ACCEPTED,Animalia,Chordata,Aves,Piciformes,Picidae,Dendrocopos,Dendrocopos major,26,Dendrocopos anglicus,Dendrocopos anglicus Hartert,11353962,SYNONYM,,Hartert,
2477968,"Dendrocopos major (Linnaeus, 1758)",Dendrocopos major,SPECIES,ACCEPTED,Animalia,Chordata,Aves,Piciformes,Picidae,Dendrocopos,Dendrocopos major,26,Dryobates major,Dryobates major,9225054,SYNONYM,,,
2477968,"Dendrocopos major (Linnaeus, 1758)",Dendrocopos major,SPECIES,ACCEPTED,Animalia,Chordata,Aves,Piciformes,Picidae,Dendrocopos,Dendrocopos major,26,Dryocopus major,"Dryocopus major Dabenne, 1916",8164701,SYNONYM,,"Dabenne, 1916",
2477968,"Dendrocopos major (Linnaeus, 1758)",Dendrocopos major,SPECIES,ACCEPTED,Animalia,Chordata,Aves,Piciformes,Picidae,Dendrocopos,Dendrocopos major,26,Picoides major,"Picoides major (Linnaeus, 1758)",7348951,SYNONYM,,"(Linnaeus, 1758) ",
2477968,"Dendrocopos major (Linnaeus, 1758)",Dendrocopos major,SPECIES,ACCEPTED,Animalia,Chordata,Aves,Piciformes,Picidae,Dendrocopos,Dendrocopos major,26,Picus major,"Picus major Linnaeus, 1758",4408646,HOMOTYPIC_SYNONYM,,"Linnaeus, 1758","Linnaeus, C. (1758). Systema Naturae per regna tria naturae, secundum classes, ordines, genera, species, cum characteribus, differentiis, synonymis, locis. <em>Editio decima, reformata [10th revised edition], vol. 1: 824 pp. Laurentius Salvius: Holmiae.</em>"
5789375,"Dendrocopos noguchii (Seebohm, 1887)",Dendrocopos noguchii,SPECIES,ACCEPTED,Animalia,Chordata,Aves,Piciformes,Picidae,Dendrocopos,Dendrocopos noguchii,1,Picus noguchii,"Picus noguchii (Seebohm, 1887)",9062374,SYNONYM,,"(Seebohm, 1887) ",
5789375,"Dendrocopos noguchii (Seebohm, 1887)",Dendrocopos noguchii,SPECIES,ACCEPTED,Animalia,Chordata,Aves,Piciformes,Picidae,Dendrocopos,Dendrocopos noguchii,1,Sapheopipo noguchii,"Sapheopipo noguchii (Seebohm, 1887)",2477864,SYNONYM,,"(Seebohm, 1887) ",
2478031,"Dendrocopos syriacus (Hemprich & Ehrenberg, 1833)",Dendrocopos syriacus,SPECIES,ACCEPTED,Animalia,Chordata,Aves,Piciformes,Picidae,Dendrocopos,Dendrocopos syriacus,4,Picus syriacus,"Picus syriacus Hemprich & Ehrenberg, 1833",4408648,HOMOTYPIC_SYNONYM,,"Hemprich & Ehrenberg, 1833",
4966650,"Primobucco olsoni (Feduccia & Martin, 1976)",Primobucco olsoni,SPECIES,ACCEPTED,Animalia,Chordata,Aves,Piciformes,Picidae,Cyrilavis,Primobucco olsoni,0,Cyrilavis olsoni,"Cyrilavis olsoni (Feduccia & Martin, 1976)",8524946,SYNONYM,,"(Feduccia & Martin, 1976) ",
4966650,"Primobucco olsoni (Feduccia & Martin, 1976)",Primobucco olsoni,SPECIES,ACCEPTED,Animalia,Chordata,Aves,Piciformes,Picidae,Cyrilavis,Primobucco olsoni,0,Pulchrapollia olsoni,"Pulchrapollia olsoni (Feduccia & Martin, 1976)",9514898,SYNONYM,,"(Feduccia & Martin, 1976) ",
2478259,"Colaptes auratus (Linnaeus, 1758)",Colaptes auratus,SPECIES,ACCEPTED,Animalia,Chordata,Aves,Piciformes,Picidae,Colaptes,Colaptes auratus,11,Cuculus auratus,"Cuculus auratus Linnaeus, 1758",7782756,SYNONYM,,"Linnaeus, 1758",
5789382,"Colaptes auricularis (Salvin & Godman, 1889)",Colaptes auricularis,SPECIES,ACCEPTED,Animalia,Chordata,Aves,Piciformes,Picidae,Colaptes,Colaptes auricularis,1,Piculus auricularis,"Piculus auricularis (Salvin & Godman, 1889)",5228916,SYNONYM,,"(Salvin & Godman, 1889) ",
2478233,"Colaptes campestris (Vieillot, 1818)",Colaptes campestris,SPECIES,ACCEPTED,Animalia,Chordata,Aves,Piciformes,Picidae,Colaptes,Colaptes campestris,3,Picus campestris,"Picus campestris (Vieillot, 1818)",9819509,HOMOTYPIC_SYNONYM,,"(Vieillot, 1818) ",
2478248,"Colaptes chrysoides (Malherbe, 1852)",Colaptes chrysoides,SPECIES,ACCEPTED,Animalia,Chordata,Aves,Piciformes,Picidae,Colaptes,Colaptes chrysoides,4,Geopicus chrysoides,"Geopicus chrysoides (Malherbe, 1852)",11360800,HOMOTYPIC_SYNONYM,,"(Malherbe, 1852) ",
2478237,"Colaptes punctigula (Boddaert, 1783)",Colaptes punctigula,SPECIES,ACCEPTED,Animalia,Chordata,Aves,Piciformes,Picidae,Colaptes,Colaptes punctigula,7,Picus punctigula,"Picus punctigula Boddaert, 1783",11011617,SYNONYM,,"Boddaert, 1783",
7340159,"Colaptes rivolii (Boissonneau, 1840)",Colaptes rivolii,SPECIES,ACCEPTED,Animalia,Chordata,Aves,Piciformes,Picidae,Colaptes,Colaptes rivolii,8,Piculus rivolii,"Piculus rivolii (Boissonneau, 1840)",5228874,SYNONYM,,"(Boissonneau, 1840) ",
7340161,"Colaptes rubiginosus (Swainson, 1820)",Colaptes rubiginosus,SPECIES,ACCEPTED,Animalia,Chordata,Aves,Piciformes,Picidae,Colaptes,Colaptes rubiginosus,21,Piculus rubiginosus,"Piculus rubiginosus (Swainson, 1820)",5228886,SYNONYM,,"(Swainson, 1820) ",
7340161,"Colaptes rubiginosus (Swainson, 1820)",Colaptes rubiginosus,SPECIES,ACCEPTED,Animalia,Chordata,Aves,Piciformes,Picidae,Colaptes,Colaptes rubiginosus,21,Picus rubiginosus,"Picus rubiginosus Swainson, 1820",9289122,SYNONYM,,"Swainson, 1820",
6101206,"Chrysophlegma flavinucha (Gould, 1834)",Chrysophlegma flavinucha,SPECIES,ACCEPTED,Animalia,Chordata,Aves,Piciformes,Picidae,Chrysophlegma,Chrysophlegma flavinucha,9,Picus flavinucha,"Picus flavinucha Gould, 1834",2478531,SYNONYM,,"Gould, 1834",
6101204,"Chrysophlegma mentale (Temminck, 1826)",Chrysophlegma mentale,SPECIES,ACCEPTED,Animalia,Chordata,Aves,Piciformes,Picidae,Chrysophlegma,Chrysophlegma mentale,3,Picus mentalis,"Picus mentalis Temminck, 1826",2478499,SYNONYM,,"Temminck, 1826",
6101205,"Chrysophlegma miniaceum (Pennant, 1769)",Chrysophlegma miniaceum,SPECIES,ACCEPTED,Animalia,Chordata,Aves,Piciformes,Picidae,Chrysophlegma,Chrysophlegma miniaceum,5,Picus mineaceus,"Picus mineaceus Pennant, 1769",2478515,SYNONYM,,"Pennant, 1769",
6101205,"Chrysophlegma miniaceum (Pennant, 1769)",Chrysophlegma miniaceum,SPECIES,ACCEPTED,Animalia,Chordata,Aves,Piciformes,Picidae,Chrysophlegma,Chrysophlegma miniaceum,5,Picus miniaceus,"Picus miniaceus Pennant, 1769",2478512,SYNONYM,,"Pennant, 1769",
8818908,"Chloropicus namaquus (A.A.H.Lichtenstein, 1793)",Chloropicus namaquus,SPECIES,ACCEPTED,Animalia,Chordata,Aves,Piciformes,Picidae,Chloropicus,Chloropicus namaquus,3,Dendropicos namaquus,"Dendropicos namaquus (A.A.H.Lichtenstein, 1793)",2478415,SYNONYM,,"(A.A.H.Lichtenstein, 1793) ",
8818908,"Chloropicus namaquus (A.A.H.Lichtenstein, 1793)",Chloropicus namaquus,SPECIES,ACCEPTED,Animalia,Chordata,Aves,Piciformes,Picidae,Chloropicus,Chloropicus namaquus,3,Thripias namaquus,"Thripias namaquus (A.A.H.Lichtenstein, 1793)",5789387,SYNONYM,,"(A.A.H.Lichtenstein, 1793) ",
8841297,"Chloropicus pyrrhogaster (Malherbe, 1845)",Chloropicus pyrrhogaster,SPECIES,ACCEPTED,Animalia,Chordata,Aves,Piciformes,Picidae,Chloropicus,Chloropicus pyrrhogaster,1,Dendropicos pyrrhogaster,"Dendropicos pyrrhogaster (Malherbe, 1845)",2478397,SYNONYM,,"(Malherbe, 1845) ",
8841297,"Chloropicus pyrrhogaster (Malherbe, 1845)",Chloropicus pyrrhogaster,SPECIES,ACCEPTED,Animalia,Chordata,Aves,Piciformes,Picidae,Chloropicus,Chloropicus pyrrhogaster,1,Thripias pyrrhogaster,"Thripias pyrrhogaster (Malherbe, 1845)",5789386,SYNONYM,,"(Malherbe, 1845) ",
9215800,"Chloropicus xantholophus (Hargitt, 1883)",Chloropicus xantholophus,SPECIES,ACCEPTED,Animalia,Chordata,Aves,Piciformes,Picidae,Chloropicus,Chloropicus xantholophus,0,Dendropicos xantholophus,"Dendropicos xantholophus Hargitt, 1883",2478410,SYNONYM,,"Hargitt, 1883",
9215800,"Chloropicus xantholophus (Hargitt, 1883)",Chloropicus xantholophus,SPECIES,ACCEPTED,Animalia,Chordata,Aves,Piciformes,Picidae,Chloropicus,Chloropicus xantholophus,0,Thripias xantholophus,"Thripias xantholophus (Hargitt, 1883)",5789385,SYNONYM,,"(Hargitt, 1883) ",
5228959,"Celeus elegans (P.L.S.Müller, 1776)",Celeus elegans,SPECIES,ACCEPTED,Animalia,Chordata,Aves,Piciformes,Picidae,Celeus,Celeus elegans,7,Picus elegans,"Picus elegans Statius Müller, 1776",11101033,SYNONYM,,"Statius Müller, 1776",
5228966,"Celeus flavus (P.L.S.Müller, 1776)",Celeus flavus,SPECIES,ACCEPTED,Animalia,Chordata,Aves,Piciformes,Picidae,Celeus,Celeus flavus,3,Picus flavus,"Picus flavus Statius Müller, 1776",11051470,SYNONYM,,"Statius Müller, 1776",
8868834,"Celeus galeatus (Temminck, 1822)",Celeus galeatus,SPECIES,ACCEPTED,Animalia,Chordata,Aves,Piciformes,Picidae,Celeus,Celeus galeatus,0,Dryocopus galeatus,"Dryocopus galeatus (Temminck, 1822)",5228838,SYNONYM,,"(Temminck, 1822) ",
8868834,"Celeus galeatus (Temminck, 1822)",Celeus galeatus,SPECIES,ACCEPTED,Animalia,Chordata,Aves,Piciformes,Picidae,Celeus,Celeus galeatus,0,Hylatomus galeatus,"Hylatomus galeatus (Temminck, 1822)",10950028,SYNONYM,,"(Temminck, 1822) ",
8868834,"Celeus galeatus (Temminck, 1822)",Celeus galeatus,SPECIES,ACCEPTED,Animalia,Chordata,Aves,Piciformes,Picidae,Celeus,Celeus galeatus,0,Picus galeatus,"Picus galeatus Temminck, 1822",10401447,HOMOTYPIC_SYNONYM,,"Temminck, 1822","Temminck, Coenraad J. 1822. Nouveau recueil de planches coloriées d'oiseaux. par Temminck et Laugier. G. Levrault, Paris.: livr.29: pls.168-173."
5228935,"Celeus grammicus (Natterer & Malherbe, 1845)",Celeus grammicus,SPECIES,ACCEPTED,Animalia,Chordata,Aves,Piciformes,Picidae,Celeus,Celeus grammicus,4,Picus grammicus,"Picus grammicus Natterer & Malherbe, 1845",10951807,SYNONYM,,"Natterer & Malherbe, 1845",
5228945,"Celeus torquatus (Boddaert, 1783)",Celeus torquatus,SPECIES,ACCEPTED,Animalia,Chordata,Aves,Piciformes,Picidae,Celeus,Celeus torquatus,4,Picus torquatus,"Picus torquatus Boddaert, 1783",10995108,SYNONYM,,"Boddaert, 1783",
5228955,"Celeus undatus (Linnaeus, 1766)",Celeus undatus,SPECIES,ACCEPTED,Animalia,Chordata,Aves,Piciformes,Picidae,Celeus,Celeus undatus,5,Picus undatus,"Picus undatus Linnaeus, 1766",8926294,SYNONYM,,"Linnaeus, 1766",
2478564,"Campephilus melanoleucos (J.F.Gmelin, 1788)",Campephilus melanoleucos,SPECIES,ACCEPTED,Animalia,Chordata,Aves,Piciformes,Picidae,Campephilus,Campephilus melanoleucos,4,Picus melanoleucos,"Picus melanoleucos Gmelin, 1788",10902829,SYNONYM,,"Gmelin, 1788",
2478561,"Campephilus principalis (Linnaeus, 1758)",Campephilus principalis,SPECIES,ACCEPTED,Animalia,Chordata,Aves,Piciformes,Picidae,Campephilus,Campephilus principalis,2,Picus principalis,"Picus principalis Linnaeus, 1758",8763675,SYNONYM,,"Linnaeus, 1758",
7666111,"Psilopogon armillaris (Temminck, 1821)",Psilopogon armillaris,SPECIES,ACCEPTED,Animalia,Chordata,Aves,Piciformes,Megalaimidae,Psilopogon,Psilopogon armillaris,2,Megalaima armillaris,"Megalaima armillaris (Temminck, 1821)",2478682,SYNONYM,,"(Temminck, 1821) ",
7528533,"Psilopogon asiaticus (Latham, 1790)",Psilopogon asiaticus,SPECIES,ACCEPTED,Animalia,Chordata,Aves,Piciformes,Megalaimidae,Psilopogon,Psilopogon asiaticus,2,Megalaima asiatica,"Megalaima asiatica (Latham, 1790)",2478711,SYNONYM,,"(Latham, 1790) ",
8110522,"Psilopogon australis (Horsfield, 1821)",Psilopogon australis,SPECIES,ACCEPTED,Animalia,Chordata,Aves,Piciformes,Megalaimidae,Psilopogon,Psilopogon australis,0,Megalaima australis,"Megalaima australis (Horsfield, 1821)",2478718,SYNONYM,,"(Horsfield, 1821) ",
7497537,"Psilopogon chrysopogon (Temminck, 1824)",Psilopogon chrysopogon,SPECIES,ACCEPTED,Animalia,Chordata,Aves,Piciformes,Megalaimidae,Psilopogon,Psilopogon chrysopogon,3,Megalaima chrysopogon,"Megalaima chrysopogon (Temminck, 1824)",2478700,SYNONYM,,"(Temminck, 1824) ",
7471066,"Psilopogon corvinus (Temminck, 1831)",Psilopogon corvinus,SPECIES,ACCEPTED,Animalia,Chordata,Aves,Piciformes,Megalaimidae,Psilopogon,Psilopogon corvinus,0,Megalaima corvina,"Megalaima corvina (Temminck, 1831)",2478730,SYNONYM,,"(Temminck, 1831) ",
7385758,"Psilopogon eximius (Sharpe, 1892)",Psilopogon eximius,SPECIES,ACCEPTED,Animalia,Chordata,Aves,Piciformes,Megalaimidae,Psilopogon,Psilopogon eximius,2,Megalaima eximia,"Megalaima eximia (Sharpe, 1892)",2478740,SYNONYM,,"(Sharpe, 1892) ",
7501799,"Psilopogon faber (Swinhoe, 1870)",Psilopogon faber,SPECIES,ACCEPTED,Animalia,Chordata,Aves,Piciformes,Megalaimidae,Psilopogon,Psilopogon faber,2,Megalaima faber,"Megalaima faber (Swinhoe, 1870)",7340165,SYNONYM,,"(Swinhoe, 1870) ",
7360840,"Psilopogon faiostrictus (Temminck, 1832)",Psilopogon faiostrictus,SPECIES,ACCEPTED,Animalia,Chordata,Aves,Piciformes,Megalaimidae,Psilopogon,Psilopogon faiostrictus,2,Megalaima faiostricta,"Megalaima faiostricta (Temminck, 1832)",2478671,SYNONYM,,"(Temminck, 1832) ",
8129458,"Psilopogon flavifrons (Cuvier, 1816)",Psilopogon flavifrons,SPECIES,ACCEPTED,Animalia,Chordata,Aves,Piciformes,Megalaimidae,Psilopogon,Psilopogon flavifrons,0,Megalaima flavifrons,"Megalaima flavifrons (Cuvier, 1816)",2478734,SYNONYM,,"(Cuvier, 1816) ",
7381546,"Psilopogon franklinii (Blyth, 1842)",Psilopogon franklinii,SPECIES,ACCEPTED,Animalia,Chordata,Aves,Piciformes,Megalaimidae,Psilopogon,Psilopogon franklinii,5,Megalaima franklinii,"Megalaima franklinii (Blyth, 1842)",2478705,SYNONYM,,"(Blyth, 1842) ",
7691806,"Psilopogon haemacephalus (P.L.S.Müller, 1776)",Psilopogon haemacephalus,SPECIES,ACCEPTED,Animalia,Chordata,Aves,Piciformes,Megalaimidae,Psilopogon,Psilopogon haemacephalus,10,Megalaima haemacephala,"Megalaima haemacephala (P.L.S.Müller, 1776)",2478661,SYNONYM,,"(P.L.S.Müller, 1776) ",
7687489,"Psilopogon henricii (Temminck, 1831)",Psilopogon henricii,SPECIES,ACCEPTED,Animalia,Chordata,Aves,Piciformes,Megalaimidae,Psilopogon,Psilopogon henricii,2,Megalaima henricii,"Megalaima henricii (Temminck, 1831)",2478715,SYNONYM,,"(Temminck, 1831) ",
7484096,"Psilopogon incognitus (Hume, 1874)",Psilopogon incognitus,SPECIES,ACCEPTED,Animalia,Chordata,Aves,Piciformes,Megalaimidae,Psilopogon,Psilopogon incognitus,3,Megalaima incognita,"Megalaima incognita Hume, 1874",2478735,SYNONYM,,"Hume, 1874",
7395391,"Psilopogon javensis (Horsfield, 1821)",Psilopogon javensis,SPECIES,ACCEPTED,Animalia,Chordata,Aves,Piciformes,Megalaimidae,Psilopogon,Psilopogon javensis,0,Megalaima javensis,"Megalaima javensis (Horsfield, 1821)",2478704,SYNONYM,,"(Horsfield, 1821) ",
8205724,"Psilopogon lagrandieri (J.Verreaux, 1868)",Psilopogon lagrandieri,SPECIES,ACCEPTED,Animalia,Chordata,Aves,Piciformes,Megalaimidae,Psilopogon,Psilopogon lagrandieri,2,Megalaima lagrandieri,"Megalaima lagrandieri J.Verreaux, 1868",2478726,SYNONYM,,"J.Verreaux, 1868",
7934047,"Psilopogon lineatus (Vieillot, 1816)",Psilopogon lineatus,SPECIES,ACCEPTED,Animalia,Chordata,Aves,Piciformes,Megalaimidae,Psilopogon,Psilopogon lineatus,2,Megalaima lineata,"Megalaima lineata (Vieillot, 1816)",2478658,SYNONYM,,"(Vieillot, 1816) ",
7880953,"Psilopogon monticola (Sharpe, 1889)",Psilopogon monticola,SPECIES,ACCEPTED,Animalia,Chordata,Aves,Piciformes,Megalaimidae,Psilopogon,Psilopogon monticola,0,Megalaima monticola,"Megalaima monticola (Sharpe, 1889)",2478681,SYNONYM,,"(Sharpe, 1889) ",
7515275,"Psilopogon mystacophanos (Temminck, 1824)",Psilopogon mystacophanos,SPECIES,ACCEPTED,Animalia,Chordata,Aves,Piciformes,Megalaimidae,Psilopogon,Psilopogon mystacophanos,2,Megalaima mystacophanos,"Megalaima mystacophanos (Temminck, 1824)",2478731,SYNONYM,,"(Temminck, 1824) ",
7792756,"Psilopogon nuchalis (Gould, 1863)",Psilopogon nuchalis,SPECIES,ACCEPTED,Animalia,Chordata,Aves,Piciformes,Megalaimidae,Psilopogon,Psilopogon nuchalis,1,Megalaima nuchalis,"Megalaima nuchalis (Gould, 1863)",5733838,HOMOTYPIC_SYNONYM,,"(Gould, 1863) ",
8006809,"Psilopogon oorti (S.Müller, 1836)",Psilopogon oorti,SPECIES,ACCEPTED,Animalia,Chordata,Aves,Piciformes,Megalaimidae,Psilopogon,Psilopogon oorti,0,Megalaima oorti,"Megalaima oorti (S.Müller, 1836)",2478675,SYNONYM,,"(S.Müller, 1836) ",
8114638,"Psilopogon pulcherrimus (Sharpe, 1888)",Psilopogon pulcherrimus,SPECIES,ACCEPTED,Animalia,Chordata,Aves,Piciformes,Megalaimidae,Psilopogon,Psilopogon pulcherrimus,0,Megalaima pulcherrima,"Megalaima pulcherrima (Sharpe, 1888)",2478739,SYNONYM,,"(Sharpe, 1888) ",
7443473,"Psilopogon rafflesii (R.Lesson, 1839)",Psilopogon rafflesii,SPECIES,ACCEPTED,Animalia,Chordata,Aves,Piciformes,Megalaimidae,Psilopogon,Psilopogon rafflesii,0,Megalaima rafflesii,"Megalaima rafflesii (R.Lesson, 1839)",2478674,SYNONYM,,"(R.Lesson, 1839) ",
7522803,"Psilopogon rubricapillus (J.F.Gmelin, 1788)",Psilopogon rubricapillus,SPECIES,ACCEPTED,Animalia,Chordata,Aves,Piciformes,Megalaimidae,Psilopogon,Psilopogon rubricapillus,0,Megalaima rubricapillus,"Megalaima rubricapillus (J.F.Gmelin, 1788)",2478696,SYNONYM,,"(J.F.Gmelin, 1788) ",
7982358,"Psilopogon virens (Boddaert, 1783)",Psilopogon virens,SPECIES,ACCEPTED,Animalia,Chordata,Aves,Piciformes,Megalaimidae,Psilopogon,Psilopogon virens,6,Megalaima virens,"Megalaima virens (Boddaert, 1783)",2478685,SYNONYM,,"(Boddaert, 1783) ",
7796884,"Psilopogon viridis (Boddaert, 1783)",Psilopogon viridis,SPECIES,ACCEPTED,Animalia,Chordata,Aves,Piciformes,Megalaimidae,Psilopogon,Psilopogon viridis,1,Megalaima viridis,"Megalaima viridis (Boddaert, 1783)",2478729,SYNONYM,,"(Boddaert, 1783) ",
7760921,"Psilopogon zeylanicus (J.F.Gmelin, 1788)",Psilopogon zeylanicus,SPECIES,ACCEPTED,Animalia,Chordata,Aves,Piciformes,Megalaimidae,Psilopogon,Psilopogon zeylanicus,3,Bucco zeylanicus,"Bucco zeylanicus Gmelin, 1788",12092576,SYNONYM,,"Gmelin, 1788",
7760921,"Psilopogon zeylanicus (J.F.Gmelin, 1788)",Psilopogon zeylanicus,SPECIES,ACCEPTED,Animalia,Chordata,Aves,Piciformes,Megalaimidae,Psilopogon,Psilopogon zeylanicus,3,Megalaima zeylanica,"Megalaima zeylanica (J.F.Gmelin, 1788)",2478692,SYNONYM,,"(J.F.Gmelin, 1788) ",
7760921,"Psilopogon zeylanicus (J.F.Gmelin, 1788)",Psilopogon zeylanicus,SPECIES,ACCEPTED,Animalia,Chordata,Aves,Piciformes,Megalaimidae,Psilopogon,Psilopogon zeylanicus,3,Thereiceryx zeylanicus,"Thereiceryx zeylanicus (Gmelin, 1788)",9168024,SYNONYM,,"(Gmelin, 1788) ",
2478987,"Caloramphus fuliginosus (Temminck, 1830)",Caloramphus fuliginosus,SPECIES,ACCEPTED,Animalia,Chordata,Aves,Piciformes,Megalaimidae,Caloramphus,Caloramphus fuliginosus,2,Calorhamphus fuliginosus,"Calorhamphus fuliginosus (Temminck, 1830)",7340155,HOMOTYPIC_SYNONYM,,"(Temminck, 1830) ",
11175558,"Capitonides europeus (Ballmann, 1969)",Capitonides europeus,SPECIES,ACCEPTED,Animalia,Chordata,Aves,Piciformes,Lybiidae,Trachyphonus,Capitonides europeus,0,Trachyphonus europeus,"Trachyphonus europeus (Ballmann, 1969)",11316226,SYNONYM,,"(Ballmann, 1969) ",
11123435,"Capitonides protractus (Ballmann, 1983)",Capitonides protractus,SPECIES,ACCEPTED,Animalia,Chordata,Aves,Piciformes,Lybiidae,Trachyphonus,Capitonides protractus,0,Trachyphonus protractus,"Trachyphonus protractus (Ballmann, 1983)",11349692,SYNONYM,,"(Ballmann, 1983) ",
2478850,"Trachyphonus purpuratus J.Verreaux & E.Verreaux, 1851",Trachyphonus purpuratus,SPECIES,ACCEPTED,Animalia,Chordata,Aves,Piciformes,Lybiidae,Trachyphonus,Trachyphonus purpuratus,4,Trachylaemus purpuratus,"Trachylaemus purpuratus (J.Verreaux & E.Verreaux, 1851)",2478846,SYNONYM,,"(J.Verreaux & E.Verreaux, 1851) ",
2478792,"Stactolaema olivacea (Shelley, 1880)",Stactolaema olivacea,SPECIES,ACCEPTED,Animalia,Chordata,Aves,Piciformes,Lybiidae,Stactolaema,Stactolaema olivacea,5,Cryptolybia olivacea,"Cryptolybia olivacea (Shelley, 1880)",10750350,HOMOTYPIC_SYNONYM,,"(Shelley, 1880) ",
2479015,"Lybius bidentatus (Shaw, 1799)",Lybius bidentatus,SPECIES,ACCEPTED,Animalia,Chordata,Aves,Piciformes,Lybiidae,Lybius,Lybius bidentatus,2,Pogonornis bidentatus,"Pogonornis bidentatus (Shaw, 1798)",9082286,HOMOTYPIC_SYNONYM,,"(Shaw, 1798) ",
2479027,"Lybius dubius (J.F.Gmelin, 1788)",Lybius dubius,SPECIES,ACCEPTED,Animalia,Chordata,Aves,Piciformes,Lybiidae,Lybius,Lybius dubius,0,Bucco dubius,"Bucco dubius Gmelin, 1788",11951766,SYNONYM,,"Gmelin, 1788",
2479027,"Lybius dubius (J.F.Gmelin, 1788)",Lybius dubius,SPECIES,ACCEPTED,Animalia,Chordata,Aves,Piciformes,Lybiidae,Lybius,Lybius dubius,0,Pogonornis dubius,"Pogonornis dubius (Gmelin, 1788)",10791919,HOMOTYPIC_SYNONYM,,"(Gmelin, 1788) ",
2479026,"Lybius melanopterus (W.Peters, 1854)",Lybius melanopterus,SPECIES,ACCEPTED,Animalia,Chordata,Aves,Piciformes,Lybiidae,Lybius,Lybius melanopterus,0,Pogonornis melanopterus,"Pogonornis melanopterus (Peters, 1854)",10683342,HOMOTYPIC_SYNONYM,,"(Peters, 1854) ",
2478998,"Lybius minor (Cuvier, 1816)",Lybius minor,SPECIES,ACCEPTED,Animalia,Chordata,Aves,Piciformes,Lybiidae,Lybius,Lybius minor,2,Pogonornis minor,"Pogonornis minor (Cuvier, 1816)",10723622,HOMOTYPIC_SYNONYM,,"(Cuvier, 1816) ",
2478790,"Buccanodon duchaillui (Cassin, 1855)",Buccanodon duchaillui,SPECIES,ACCEPTED,Animalia,Chordata,Aves,Piciformes,Lybiidae,Buccanodon,Buccanodon duchaillui,2,Barbatula duchaillui,"Barbatula duchaillui Cassin, 1855",11043146,SYNONYM,,"Cassin, 1855",
2475080,"Jacamerops aureus (P.L.S.Müller, 1776)",Jacamerops aureus,SPECIES,ACCEPTED,Animalia,Chordata,Aves,Piciformes,Galbulidae,Jacamerops,Jacamerops aureus,6,Alcedo aurea,"Alcedo aurea Statius Müller, 1776",9361834,SYNONYM,,"Statius Müller, 1776",
5228256,"Galbula dea (Linnaeus, 1758)",Galbula dea,SPECIES,ACCEPTED,Animalia,Chordata,Aves,Piciformes,Galbulidae,Galbula,Galbula dea,6,Alcedo dea,"Alcedo dea Linnaeus, 1758",10623876,SYNONYM,,"Linnaeus, 1758",
5228252,"Galbula galbula (Linnaeus, 1766)",Galbula galbula,SPECIES,ACCEPTED,Animalia,Chordata,Aves,Piciformes,Galbulidae,Galbula,Galbula galbula,1,Alcedo spec,"Alcedo spec Linnaeus, 1766",9775694,SYNONYM,,"Linnaeus, 1766",
2475040,"Brachygalba lugubris (Swainson, 1838)",Brachygalba lugubris,SPECIES,ACCEPTED,Animalia,Chordata,Aves,Piciformes,Galbulidae,Brachygalba,Brachygalba lugubris,9,Galbula lugubris,"Galbula lugubris Swainson, 1838",9104192,SYNONYM,,"Swainson, 1838",
2479051,"Capito niger (P.L.S.Müller, 1776)",Capito niger,SPECIES,ACCEPTED,Animalia,Chordata,Aves,Piciformes,Capitonidae,Capito,Capito niger,2,Bucco niger,"Bucco niger Statius Müller, 1776",8257738,SYNONYM,,"Statius Müller, 1776",
2475192,"Nystalus chacuru (Vieillot, 1816)",Nystalus chacuru,SPECIES,ACCEPTED,Animalia,Chordata,Aves,Piciformes,Bucconidae,Nystalus,Nystalus chacuru,3,Bucco chacuru,"Bucco chacuru Vieillot, 1816",10143063,HOMOTYPIC_SYNONYM,,"Vieillot, 1816","Vieillot, Louis P. 1816. Barbu, Bucco. Nouveau dictionnaire d'histoire naturelle 3: 238-243."
2475102,"Notharchus macrorhynchos (J.F.Gmelin, 1788)",Notharchus macrorhynchos,SPECIES,ACCEPTED,Animalia,Chordata,Aves,Piciformes,Bucconidae,Notharchus,Notharchus macrorhynchos,2,Bucco macrorhynchos,"Bucco macrorhynchos Gmelin, 1788",9107126,SYNONYM,,"Gmelin, 1788",
2475098,"Notharchus tectus (Boddaert, 1783)",Notharchus tectus,SPECIES,ACCEPTED,Animalia,Chordata,Aves,Piciformes,Bucconidae,Notharchus,Notharchus tectus,5,Bucco tectus,"Bucco tectus Boddaert, 1783",10979237,SYNONYM,,"Boddaert, 1783",
2475122,"Nonnula rubecula (von Spix, 1824)",Nonnula rubecula,SPECIES,ACCEPTED,Animalia,Chordata,Aves,Piciformes,Bucconidae,Nonnula,Nonnula rubecula,9,Bucco rubecula,"Bucco rubecula Spix, 1824",9057530,SYNONYM,,"Spix, 1824",
2475190,"Monasa atra (Boddaert, 1783)",Monasa atra,SPECIES,ACCEPTED,Animalia,Chordata,Aves,Piciformes,Bucconidae,Monasa,Monasa atra,1,Cuculus ater,"Cuculus ater Boddaert, 1783",10601693,SYNONYM,,"Boddaert, 1783",
2475187,"Monasa nigrifrons (von Spix, 1824)",Monasa nigrifrons,SPECIES,ACCEPTED,Animalia,Chordata,Aves,Piciformes,Bucconidae,Monasa,Monasa nigrifrons,3,Bucco nigrifrons,"Bucco nigrifrons von Spix, 1824",9043645,SYNONYM,,"von Spix, 1824",
2475157,"Malacoptila fusca (J.F.Gmelin, 1788)",Malacoptila fusca,SPECIES,ACCEPTED,Animalia,Chordata,Aves,Piciformes,Bucconidae,Malacoptila,Malacoptila fusca,0,Bucco fuscus,"Bucco fuscus Gmelin, 1788",11004081,SYNONYM,,"Gmelin, 1788",
5228262,"Chelidoptera tenebrosa (Pallas, 1782)",Chelidoptera tenebrosa,SPECIES,ACCEPTED,Animalia,Chordata,Aves,Piciformes,Bucconidae,Chelidoptera,Chelidoptera tenebrosa,3,Cuculus tenebrosus,"Cuculus tenebrosus Pallas, 1782",11041798,SYNONYM,,"Pallas, 1782",
5228276,"Bucco capensis Linnaeus, 1766",Bucco capensis,SPECIES,ACCEPTED,Animalia,Chordata,Aves,Piciformes,Bucconidae,Bucco,Bucco capensis,1,Bucco collaris,"Bucco collaris Latham, 1790",11272191,SYNONYM,,"Latham, 1790",
5228265,"Bucco macrodactylus (von Spix, 1824)",Bucco macrodactylus,SPECIES,ACCEPTED,Animalia,Chordata,Aves,Piciformes,Bucconidae,Bucco,Bucco macrodactylus,1,Argicus macrodactylus,"Argicus macrodactylus (von Spix, 1824)",2475093,SYNONYM,,"(von Spix, 1824) ",
5228265,"Bucco macrodactylus (von Spix, 1824)",Bucco macrodactylus,SPECIES,ACCEPTED,Animalia,Chordata,Aves,Piciformes,Bucconidae,Bucco,Bucco macrodactylus,1,Cyphos macrodactylus,"Cyphos macrodactylus Spix, 1824",8759537,SYNONYM,,"Spix, 1824",
5228275,"Bucco noanamae Hellmayr, 1909",Bucco noanamae,SPECIES,ACCEPTED,Animalia,Chordata,Aves,Piciformes,Bucconidae,Bucco,Bucco noanamae,0,Nystactes noanamae,"Nystactes noanamae (Hellmayr, 1909)",5228274,SYNONYM,,"(Hellmayr, 1909) ",
5228270,"Bucco tamatia J.F.Gmelin, 1788",Bucco tamatia,SPECIES,ACCEPTED,Animalia,Chordata,Aves,Piciformes,Bucconidae,Bucco,Bucco tamatia,4,Nystactes tamatia,"Nystactes tamatia (J.F.Gmelin, 1788)",5228266,SYNONYM,,"(J.F.Gmelin, 1788) ",
